<PAMDataset>
  <Metadata>
    <MDI key="long_name">effective_precipitation</MDI>
    <MDI key="method">CROPWAT</MDI>
    <MDI key="month">8</MDI>
    <MDI key="units">mm</MDI>
    <MDI key="year">2004</MDI>
  </Metadata>
  <PAMRasterBand band="1">
    <Description>effective_precipitation</Description>
    <Metadata>
      <MDI key="STATISTICS_MAXIMUM">109.78169250488</MDI>
      <MDI key="STATISTICS_MEAN">12.769010104894</MDI>
      <MDI key="STATISTICS_MINIMUM">0</MDI>
      <MDI key="STATISTICS_STDDEV">21.147881729932</MDI>
      <MDI key="STATISTICS_VALID_PERCENT">100</MDI>
    </Metadata>
  </PAMRasterBand>
</PAMDataset>
