<PAMDataset>
  <Metadata>
    <MDI key="long_name">effective_precipitation</MDI>
    <MDI key="method">CROPWAT</MDI>
    <MDI key="month">8</MDI>
    <MDI key="units">mm</MDI>
    <MDI key="year">2004</MDI>
  </Metadata>
  <PAMRasterBand band="1">
    <Description>effective_precipitation</Description>
    <Metadata>
      <MDI key="STATISTICS_MAXIMUM">105.83999633789</MDI>
      <MDI key="STATISTICS_MEAN">7.2888028326339</MDI>
      <MDI key="STATISTICS_MINIMUM">0</MDI>
      <MDI key="STATISTICS_STDDEV">15.266691703558</MDI>
      <MDI key="STATISTICS_VALID_PERCENT">100</MDI>
    </Metadata>
  </PAMRasterBand>
</PAMDataset>
