<PAMDataset>
  <Metadata>
    <MDI key="long_name">effective_precipitation_fraction</MDI>
    <MDI key="method">CROPWAT</MDI>
    <MDI key="month">12</MDI>
    <MDI key="units">fraction</MDI>
    <MDI key="year">2024</MDI>
  </Metadata>
  <PAMRasterBand band="1">
    <Description>effective_precipitation_fraction</Description>
    <Metadata>
      <MDI key="STATISTICS_MAXIMUM">0.99840003252029</MDI>
      <MDI key="STATISTICS_MEAN">0.41797816286613</MDI>
      <MDI key="STATISTICS_MINIMUM">0</MDI>
      <MDI key="STATISTICS_STDDEV">0.4037779007064</MDI>
      <MDI key="STATISTICS_VALID_PERCENT">100</MDI>
    </Metadata>
  </PAMRasterBand>
</PAMDataset>
